chr	start	end	feature1	feature2	length
chr2	90210239	90210529	ENSG00000242580.1	CDS|exon|gene|regulatory|transcript	290
chr2	88857382	88857604	ENSG00000211592.8|ENSG00000240040.6	CDS|exon|gene|regulatory|transcript	222
chr2	89948024	89948234	ENSG00000243264.3	CDS|exon|gene|regulatory|transcript	210
chr2	88885839	88886021	ENSG00000211598.2	CDS|exon|gene|regulatory|transcript	182
chr2	89085176	89085355	ENSG00000244437.1	CDS|exon|gene|regulatory|transcript	179
chr2	90221086	90221245	ENSG00000239819.2	CDS|exon|gene|regulatory|transcript	159
chr2	89213422	89213522	ENSG00000244575.3	CDS|exon|gene|regulatory|transcript	100
chr2	88886054	88886153	ENSG00000211598.2	CDS|exon|gene|regulatory|transcript	99
chr2	89142773	89142872	ENSG00000239951.1	CDS|exon|gene|regulatory|transcript	99
chr2	90070148	90070238	ENSG00000211626.2	CDS|exon|gene|regulatory|transcript	90
chr2	88857616	88857683	ENSG00000211592.8|ENSG00000240040.6	CDS|exon|gene|regulatory|transcript	67
chr2	90221322	90221384	ENSG00000239819.2	CDS|exon|gene|regulatory|transcript	62
chr2	90234839	90234894	ENSG00000228325.5	CDS|exon|gene|regulatory|transcript	55
chr2	113406398	113406450	ENSG00000231292.6|ENSG00000234997.3	CDS|exon|gene|regulatory|transcript	52
chr2	90220910	90220962	ENSG00000239819.2	CDS|exon|gene|regulatory|transcript	52
chr2	90210056	90210104	ENSG00000242580.1	CDS|exon|gene|regulatory|transcript	48
chr2	88897297	88897343	ENSG00000211599.2	CDS|exon|gene|regulatory|transcript	46
chr2	88992408	88992449	ENSG00000240671.4	CDS|exon|gene|regulatory|transcript	41
chr2	89947550	89947590	ENSG00000243264.3	CDS|exon|gene|regulatory|transcript	40
chr2	88885574	88885607	ENSG00000211598.2	CDS|exon|gene|regulatory|transcript	33
chr2	89948237	89948269	ENSG00000243264.3	CDS|exon|gene|regulatory|transcript	32
chr2	89040673	89040695	ENSG00000243290.3	CDS|exon|gene|regulatory|transcript	22
chr2	89143084	89143105	ENSG00000239951.1	CDS|exon|gene|regulatory|transcript	21
chr2	89177112	89177127	ENSG00000241294.1	CDS|exon|gene|regulatory|transcript	15
chr2	89851793	89851806	ENSG00000251039.3	CDS|exon|gene|regulatory|transcript	13
